timestamp_kwh,consumption_kwh,temperature_c,weekday,is_holiday,context_note
2026-01-01T00:00:00+01:00,120.4,2.1,4,true,synthetic_new_year_low_activity
2026-01-01T01:00:00+01:00,118.2,1.9,4,true,synthetic_new_year_low_activity
2026-01-01T02:00:00+01:00,116.8,1.8,4,true,synthetic_new_year_low_activity
2026-01-01T03:00:00+01:00,115.9,1.7,4,true,synthetic_new_year_low_activity
2026-01-01T04:00:00+01:00,119.1,1.6,4,true,synthetic_new_year_low_activity
2026-01-01T05:00:00+01:00,128.7,1.6,4,true,synthetic_ramp_up
2026-01-01T06:00:00+01:00,145.2,1.8,4,true,synthetic_ramp_up
2026-01-01T07:00:00+01:00,162.5,2.0,4,true,synthetic_morning_load
2026-01-01T08:00:00+01:00,174.3,2.3,4,true,synthetic_morning_load
2026-01-01T09:00:00+01:00,181.6,2.7,4,true,synthetic_day_load
2026-01-01T10:00:00+01:00,187.2,3.1,4,true,synthetic_day_load
2026-01-01T11:00:00+01:00,190.4,3.4,4,true,synthetic_day_load
